,Unnamed: 0,키워드,품사,textrank
5,5,화학,NNG,6.136164434948761
7,7,환경,NNG,5.861390028421193
8,8,물질,NNG,4.980473975994694
16,16,선정,NNG,3.839623948375591
17,17,디자인,NNG,3.8172705886576095
20,20,캠퍼스,NNG,3.5851180899598103
21,21,안전,NNG,3.449636089510719
23,23,수상,NNG,3.1011339877194675
24,24,물,NNG,3.0804885787039185
25,25,개최,NNG,3.012040824166447
26,26,원,NNG,2.99719246493815
27,27,데이터,NNG,2.9516852087922323
28,28,동물,NNG,2.8958791527762724
29,29,양성,NNG,2.650963096355613
