,Unnamed: 0,키워드,품사,textrank
16,16,행사,NNG,7.550557362259334
17,17,학교,NNG,7.356081195800701
24,24,서순탁,NNP,6.43888429498143
