,Unnamed: 0,키워드,품사,textrank
11,11,창업,NNG,16.062431044155012
29,29,과정,NNG,9.28697645556588
