,Unnamed: 0,키워드,품사,textrank
11,11,총학생회,NNG,7.596192516348259
13,13,사회,NNG,6.492479090776119
14,14,한국어,NNG,6.409767140805086
17,17,회장,NNG,6.098254411831114
18,18,대학원,NNG,6.041652777449404
21,21,문화원,NNG,5.926322574556447
22,22,전문,NNG,5.860732605573844
23,23,법학,NNG,5.500601482218856
24,24,문화,NNG,5.3712366452288975
25,25,개선,NNG,5.284494686526897
27,27,정책,NNG,5.024497531378331
29,29,주제,NNG,4.825319557722066
